{"path": "19960824/12537newsML.xml", "label": 53}
{"path": "19960824/12744newsML.xml", "label": 45}
{"path": "19960824/12844newsML.xml", "label": 54}
{"path": "19960824/12624newsML.xml", "label": 57}
{"path": "19960824/12584newsML.xml", "label": 57}
{"path": "19960824/12832newsML.xml", "label": 67}
{"path": "19960824/12625newsML.xml", "label": 57}
{"path": "19960824/12653newsML.xml", "label": 57}
{"path": "19960824/12585newsML.xml", "label": 57}
{"path": "19960824/12626newsML.xml", "label": 57}
{"path": "19960824/12846newsML.xml", "label": 62}
{"path": "19960824/12818newsML.xml", "label": 59}
{"path": "19960824/12746newsML.xml", "label": 13}
{"path": "19960824/12543newsML.xml", "label": 34}
{"path": "19960824/12586newsML.xml", "label": 57}
{"path": "19960824/12627newsML.xml", "label": 57}
{"path": "19960824/12747newsML.xml", "label": 62}
{"path": "19960824/12819newsML.xml", "label": 43}
{"path": "19960824/12694newsML.xml", "label": 59}
{"path": "19960824/12831newsML.xml", "label": 54}
{"path": "19960824/12587newsML.xml", "label": 57}
{"path": "19960824/12736newsML.xml", "label": 43}
{"path": "19960824/12580newsML.xml", "label": 57}
{"path": "19960824/12608newsML.xml", "label": 57}
{"path": "19960824/12620newsML.xml", "label": 57}
{"path": "19960824/12740newsML.xml", "label": 43}
{"path": "19960824/12840newsML.xml", "label": 36}
{"path": "19960824/12769newsML.xml", "label": 43}
{"path": "19960824/12837newsML.xml", "label": 42}
{"path": "19960824/12737newsML.xml", "label": 59}
{"path": "19960824/12609newsML.xml", "label": 57}
{"path": "19960824/12581newsML.xml", "label": 57}
{"path": "19960824/12621newsML.xml", "label": 57}
{"path": "19960824/12841newsML.xml", "label": 54}
{"path": "19960824/12741newsML.xml", "label": 53}
{"path": "19960824/12654newsML.xml", "label": 57}
{"path": "19960824/12582newsML.xml", "label": 57}
{"path": "19960824/12691newsML.xml", "label": 59}
{"path": "19960824/12842newsML.xml", "label": 53}
{"path": "19960824/12742newsML.xml", "label": 59}
{"path": "19960824/12622newsML.xml", "label": 57}
{"path": "19960824/12583newsML.xml", "label": 57}
{"path": "19960824/12655newsML.xml", "label": 53}
{"path": "19960824/12735newsML.xml", "label": 45}
{"path": "19960824/12690newsML.xml", "label": 42}
{"path": "19960824/12743newsML.xml", "label": 53}
{"path": "19960824/12843newsML.xml", "label": 54}
{"path": "19960824/12623newsML.xml", "label": 57}
{"path": "19960824/12788newsML.xml", "label": 43}
{"path": "19960824/12673newsML.xml", "label": 52}
{"path": "19960824/12764newsML.xml", "label": 42}
{"path": "19960824/12549newsML.xml", "label": 45}
{"path": "19960824/12864newsML.xml", "label": 62}
{"path": "19960824/12812newsML.xml", "label": 43}
{"path": "19960824/12839newsML.xml", "label": 36}
{"path": "19960824/12739newsML.xml", "label": 53}
{"path": "19960824/12659newsML.xml", "label": 47}
{"path": "19960824/12811newsML.xml", "label": 43}
{"path": "19960824/12738newsML.xml", "label": 45}
{"path": "19960824/12838newsML.xml", "label": 42}
{"path": "19960824/12658newsML.xml", "label": 52}
{"path": "19960824/12670newsML.xml", "label": 45}
{"path": "19960824/12677newsML.xml", "label": 59}
{"path": "19960824/12817newsML.xml", "label": 46}
{"path": "19960824/12717newsML.xml", "label": 59}
{"path": "19960824/12849newsML.xml", "label": 54}
{"path": "19960824/12861newsML.xml", "label": 46}
{"path": "19960824/12761newsML.xml", "label": 42}
{"path": "19960824/12716newsML.xml", "label": 43}
{"path": "19960824/12748newsML.xml", "label": 45}
{"path": "19960824/12816newsML.xml", "label": 43}
{"path": "19960824/12760newsML.xml", "label": 42}
{"path": "19960824/12715newsML.xml", "label": 45}
{"path": "19960824/12675newsML.xml", "label": 42}
{"path": "19960824/12763newsML.xml", "label": 42}
{"path": "19960824/12863newsML.xml", "label": 59}
{"path": "19960824/12698newsML.xml", "label": 53}
{"path": "19960824/12814newsML.xml", "label": 53}
{"path": "19960824/12674newsML.xml", "label": 53}
{"path": "19960824/12666newsML.xml", "label": 59}
{"path": "19960824/12758newsML.xml", "label": 59}
{"path": "19960824/12807newsML.xml", "label": 53}
{"path": "19960824/12689newsML.xml", "label": 59}
{"path": "19960824/12804newsML.xml", "label": 59}
{"path": "19960824/12704newsML.xml", "label": 59}
{"path": "19960824/12705newsML.xml", "label": 45}
{"path": "19960824/12662newsML.xml", "label": 25}
{"path": "19960824/12559newsML.xml", "label": 53}
{"path": "19960824/12558newsML.xml", "label": 47}
{"path": "19960824/12776newsML.xml", "label": 45}
{"path": "19960824/12648newsML.xml", "label": 54}
{"path": "19960824/12701newsML.xml", "label": 17}
{"path": "19960824/12801newsML.xml", "label": 46}
{"path": "19960824/12829newsML.xml", "label": 59}
{"path": "19960824/12851newsML.xml", "label": 67}
{"path": "19960824/12554newsML.xml", "label": 53}
{"path": "19960824/12727newsML.xml", "label": 62}
{"path": "19960824/12850newsML.xml", "label": 59}
{"path": "19960824/12683newsML.xml", "label": 53}
{"path": "19960824/12555newsML.xml", "label": 53}
{"path": "19960824/12778newsML.xml", "label": 44}
{"path": "19960824/12645newsML.xml", "label": 54}
{"path": "19960824/12556newsML.xml", "label": 5}
{"path": "19960824/12725newsML.xml", "label": 62}
{"path": "19960824/12825newsML.xml", "label": 43}
{"path": "19960824/12824newsML.xml", "label": 59}
{"path": "19960824/12557newsML.xml", "label": 5}
{"path": "19960824/12643newsML.xml", "label": 54}
{"path": "19960824/12823newsML.xml", "label": 59}
{"path": "19960824/12642newsML.xml", "label": 42}
{"path": "19960824/12822newsML.xml", "label": 46}
{"path": "19960824/12754newsML.xml", "label": 59}
{"path": "19960824/12854newsML.xml", "label": 54}
{"path": "19960824/12791newsML.xml", "label": 53}
{"path": "19960824/12721newsML.xml", "label": 62}
{"path": "19960824/12821newsML.xml", "label": 42}
{"path": "19960824/12641newsML.xml", "label": 59}
{"path": "19960824/12757newsML.xml", "label": 42}
{"path": "19960824/12709newsML.xml", "label": 53}
{"path": "19960824/12708newsML.xml", "label": 45}
{"path": "19960824/12856newsML.xml", "label": 46}
{"path": "19970419/522641newsML.xml", "label": 59}
{"path": "19970419/522552newsML.xml", "label": 43}
{"path": "19970419/522757newsML.xml", "label": 42}
{"path": "19970419/522809newsML.xml", "label": 46}
{"path": "19970419/522669newsML.xml", "label": 52}
{"path": "19970419/522820newsML.xml", "label": 0}
{"path": "19970419/522856newsML.xml", "label": 42}
{"path": "19970419/522823newsML.xml", "label": 0}
{"path": "19970419/522723newsML.xml", "label": 43}
{"path": "19970419/522643newsML.xml", "label": 42}
{"path": "19970419/522855newsML.xml", "label": 42}
{"path": "19970419/522755newsML.xml", "label": 45}
{"path": "19970419/522722newsML.xml", "label": 0}
{"path": "19970419/522642newsML.xml", "label": 53}
{"path": "19970419/522754newsML.xml", "label": 53}
{"path": "19970419/522854newsML.xml", "label": 36}
{"path": "19970419/522753newsML.xml", "label": 55}
{"path": "19970419/522725newsML.xml", "label": 53}
{"path": "19970419/522852newsML.xml", "label": 17}
{"path": "19970419/522724newsML.xml", "label": 62}
{"path": "19970419/522631newsML.xml", "label": 46}
{"path": "19970419/522619newsML.xml", "label": 52}
{"path": "19970419/522779newsML.xml", "label": 43}
{"path": "19970419/522850newsML.xml", "label": 36}
{"path": "19970419/522630newsML.xml", "label": 46}
{"path": "19970419/522795newsML.xml", "label": 53}
{"path": "19970419/522778newsML.xml", "label": 45}
{"path": "19970419/522776newsML.xml", "label": 2}
{"path": "19970419/522774newsML.xml", "label": 47}
{"path": "19970419/522803newsML.xml", "label": 17}
{"path": "19970419/522703newsML.xml", "label": 45}
{"path": "19970419/522872newsML.xml", "label": 63}
{"path": "19970419/522770newsML.xml", "label": 16}
{"path": "19970419/522870newsML.xml", "label": 62}
{"path": "19970419/522806newsML.xml", "label": 47}
{"path": "19970419/522807newsML.xml", "label": 25}
{"path": "19970419/522762newsML.xml", "label": 42}
{"path": "19970419/522717newsML.xml", "label": 62}
{"path": "19970419/522748newsML.xml", "label": 52}
{"path": "19970419/522760newsML.xml", "label": 42}
{"path": "19970419/522811newsML.xml", "label": 54}
{"path": "19970419/522738newsML.xml", "label": 45}
{"path": "19970419/522766newsML.xml", "label": 43}
{"path": "19970419/522765newsML.xml", "label": 45}
{"path": "19970419/522788newsML.xml", "label": 43}
{"path": "19970419/522789newsML.xml", "label": 43}
{"path": "19970419/522812newsML.xml", "label": 45}
{"path": "19970419/522834newsML.xml", "label": 45}
{"path": "19970419/522691newsML.xml", "label": 47}
{"path": "19970419/522690newsML.xml", "label": 45}
{"path": "19970419/522786newsML.xml", "label": 43}
{"path": "19970419/522868newsML.xml", "label": 63}
{"path": "19970419/522836newsML.xml", "label": 42}
{"path": "19970419/522740newsML.xml", "label": 45}
{"path": "19970419/522737newsML.xml", "label": 45}
{"path": "19970419/522621newsML.xml", "label": 42}
{"path": "19970419/522626newsML.xml", "label": 62}
{"path": "19970419/522730newsML.xml", "label": 62}
{"path": "19970419/522747newsML.xml", "label": 16}
{"path": "19970419/522694newsML.xml", "label": 54}
{"path": "19970419/522845newsML.xml", "label": 46}
{"path": "19970215/380612newsML.xml", "label": 42}
{"path": "19970215/380665newsML.xml", "label": 46}
{"path": "19970215/380610newsML.xml", "label": 13}
{"path": "19970215/380806newsML.xml", "label": 56}
{"path": "19970215/380916newsML.xml", "label": 62}
{"path": "19970215/380801newsML.xml", "label": 56}
{"path": "19970215/380777newsML.xml", "label": 46}
{"path": "19970215/380617newsML.xml", "label": 50}
{"path": "19970215/380803newsML.xml", "label": 56}
{"path": "19970215/380898newsML.xml", "label": 17}
{"path": "19970215/380753newsML.xml", "label": 43}
{"path": "19970215/380933newsML.xml", "label": 22}
{"path": "19970215/380725newsML.xml", "label": 62}
{"path": "19970215/380632newsML.xml", "label": 43}
{"path": "19970215/380797newsML.xml", "label": 19}
{"path": "19970215/380724newsML.xml", "label": 62}
{"path": "19970215/380931newsML.xml", "label": 2}
{"path": "19970215/380750newsML.xml", "label": 43}
{"path": "19970215/380821newsML.xml", "label": 17}
{"path": "19970215/380857newsML.xml", "label": 47}
{"path": "19970215/380893newsML.xml", "label": 36}
{"path": "19970215/380934newsML.xml", "label": 13}
{"path": "19970215/380819newsML.xml", "label": 46}
{"path": "19970215/380719newsML.xml", "label": 52}
{"path": "19970215/380744newsML.xml", "label": 17}
{"path": "19970215/380781newsML.xml", "label": 19}
{"path": "19970215/380887newsML.xml", "label": 67}
{"path": "19970215/380922newsML.xml", "label": 67}
{"path": "19970215/380786newsML.xml", "label": 17}
{"path": "19970215/380923newsML.xml", "label": 62}
{"path": "19970215/380785newsML.xml", "label": 2}
{"path": "19970215/380740newsML.xml", "label": 62}
{"path": "19970215/380921newsML.xml", "label": 62}
{"path": "19970215/380788newsML.xml", "label": 48}
{"path": "19970215/380764newsML.xml", "label": 62}
{"path": "19970215/380789newsML.xml", "label": 13}
{"path": "19970215/380715newsML.xml", "label": 46}
{"path": "19970215/380903newsML.xml", "label": 62}
{"path": "19970215/380902newsML.xml", "label": 63}
{"path": "19970215/380760newsML.xml", "label": 16}
{"path": "19961012/112620newsML.xml", "label": 46}
{"path": "19961012/112608newsML.xml", "label": 62}
{"path": "19961012/112741newsML.xml", "label": 44}
{"path": "19961012/112547newsML.xml", "label": 54}
{"path": "19961012/112696newsML.xml", "label": 50}
{"path": "19961012/112783newsML.xml", "label": 47}
{"path": "19961012/112490newsML.xml", "label": 56}
{"path": "19961012/112471newsML.xml", "label": 36}
{"path": "19961012/112548newsML.xml", "label": 50}
{"path": "19961012/112549newsML.xml", "label": 46}
{"path": "19961012/112607newsML.xml", "label": 46}
{"path": "19961012/112710newsML.xml", "label": 46}
{"path": "19961012/112774newsML.xml", "label": 36}
{"path": "19961012/112615newsML.xml", "label": 33}
{"path": "19961012/112803newsML.xml", "label": 24}
{"path": "19961012/112777newsML.xml", "label": 16}
{"path": "19961012/112503newsML.xml", "label": 46}
{"path": "19961012/112770newsML.xml", "label": 36}
{"path": "19961012/112704newsML.xml", "label": 16}
{"path": "19961012/112772newsML.xml", "label": 63}
{"path": "19961012/112643newsML.xml", "label": 44}
{"path": "19961012/112791newsML.xml", "label": 67}
{"path": "19961012/112642newsML.xml", "label": 56}
{"path": "19961012/112481newsML.xml", "label": 16}
{"path": "19961012/112597newsML.xml", "label": 46}
{"path": "19961012/112553newsML.xml", "label": 46}
{"path": "19961012/112596newsML.xml", "label": 0}
{"path": "19961012/112590newsML.xml", "label": 47}
{"path": "19961012/112795newsML.xml", "label": 50}
{"path": "19961012/112796newsML.xml", "label": 44}
{"path": "19961012/112797newsML.xml", "label": 44}
{"path": "19970105/287721newsML.xml", "label": 55}
{"path": "19970105/287375newsML.xml", "label": 60}
{"path": "19970105/287636newsML.xml", "label": 2}
{"path": "19970105/287480newsML.xml", "label": 19}
{"path": "19970105/287446newsML.xml", "label": 17}
{"path": "19970105/287482newsML.xml", "label": 50}
{"path": "19970105/287447newsML.xml", "label": 17}
{"path": "19970105/287551newsML.xml", "label": 0}
{"path": "19970105/287468newsML.xml", "label": 63}
{"path": "19970105/287440newsML.xml", "label": 50}
{"path": "19970105/287633newsML.xml", "label": 17}
{"path": "19970105/287469newsML.xml", "label": 50}
{"path": "19970105/287681newsML.xml", "label": 14}
{"path": "19970105/287554newsML.xml", "label": 63}
{"path": "19970105/287487newsML.xml", "label": 63}
{"path": "19970105/287726newsML.xml", "label": 2}
{"path": "19970105/287618newsML.xml", "label": 14}
{"path": "19970105/287373newsML.xml", "label": 63}
{"path": "19970105/287648newsML.xml", "label": 60}
{"path": "19970105/287573newsML.xml", "label": 17}
{"path": "19970105/287661newsML.xml", "label": 0}
{"path": "19970105/287438newsML.xml", "label": 24}
{"path": "19970105/287356newsML.xml", "label": 60}
{"path": "19970105/287577newsML.xml", "label": 16}
{"path": "19970105/287449newsML.xml", "label": 17}
{"path": "19970105/287665newsML.xml", "label": 13}
{"path": "19970105/287448newsML.xml", "label": 17}
{"path": "19970105/287350newsML.xml", "label": 0}
{"path": "19970105/287415newsML.xml", "label": 54}
{"path": "19970105/287639newsML.xml", "label": 63}
{"path": "19970105/287538newsML.xml", "label": 36}
{"path": "19970105/287341newsML.xml", "label": 17}
{"path": "19970105/287471newsML.xml", "label": 36}
{"path": "19970105/287699newsML.xml", "label": 16}
{"path": "19970105/287714newsML.xml", "label": 13}
{"path": "19970105/287472newsML.xml", "label": 36}
{"path": "19970105/287628newsML.xml", "label": 24}
{"path": "19970105/287381newsML.xml", "label": 17}
{"path": "19970105/287474newsML.xml", "label": 36}
{"path": "19970105/287475newsML.xml", "label": 36}
{"path": "19970105/287383newsML.xml", "label": 17}
{"path": "19970105/287672newsML.xml", "label": 52}
{"path": "19970105/287382newsML.xml", "label": 17}
{"path": "19970105/287690newsML.xml", "label": 48}
{"path": "19970105/287736newsML.xml", "label": 50}
{"path": "19970105/287656newsML.xml", "label": 54}
{"path": "19970105/287532newsML.xml", "label": 17}
{"path": "19970105/287657newsML.xml", "label": 54}
{"path": "19970105/287695newsML.xml", "label": 36}
{"path": "19970105/287650newsML.xml", "label": 55}
{"path": "19970105/287490newsML.xml", "label": 19}
{"path": "19970105/287731newsML.xml", "label": 10}
{"path": "19970105/287454newsML.xml", "label": 50}
{"path": "19970105/287569newsML.xml", "label": 2}
{"path": "19970105/287624newsML.xml", "label": 14}
{"path": "19970105/287733newsML.xml", "label": 68}
{"path": "19970105/287338newsML.xml", "label": 60}
{"path": "19970301/412819newsML.xml", "label": 7}
{"path": "19970301/412957newsML.xml", "label": 13}
{"path": "19970301/412920newsML.xml", "label": 25}
{"path": "19970301/413072newsML.xml", "label": 16}
{"path": "19970301/412955newsML.xml", "label": 25}
{"path": "19970301/412972newsML.xml", "label": 16}
{"path": "19970301/412812newsML.xml", "label": 17}
{"path": "19970301/412973newsML.xml", "label": 61}
{"path": "19970301/412813newsML.xml", "label": 25}
{"path": "19970301/413142newsML.xml", "label": 17}
{"path": "19970301/412958newsML.xml", "label": 24}
{"path": "19970301/412907newsML.xml", "label": 25}
{"path": "19970301/412976newsML.xml", "label": 16}
{"path": "19970301/412815newsML.xml", "label": 16}
{"path": "19970301/413085newsML.xml", "label": 50}
{"path": "19970301/412806newsML.xml", "label": 2}
{"path": "19970301/412989newsML.xml", "label": 16}
{"path": "19970301/413018newsML.xml", "label": 52}
{"path": "19970301/413031newsML.xml", "label": 47}
{"path": "19970301/412776newsML.xml", "label": 16}
{"path": "19970301/412878newsML.xml", "label": 50}
{"path": "19970301/412795newsML.xml", "label": 47}
{"path": "19970301/413060newsML.xml", "label": 16}
{"path": "19970301/413100newsML.xml", "label": 36}
{"path": "19970301/413103newsML.xml", "label": 25}
{"path": "19970301/412796newsML.xml", "label": 47}
{"path": "19970301/412933newsML.xml", "label": 49}
{"path": "19970301/413013newsML.xml", "label": 14}
{"path": "19970301/412935newsML.xml", "label": 25}
{"path": "19970301/412823newsML.xml", "label": 14}
{"path": "19970301/413011newsML.xml", "label": 7}
{"path": "19970301/412809newsML.xml", "label": 16}
{"path": "19960908/39417newsML.xml", "label": 14}
{"path": "19960908/39728newsML.xml", "label": 36}
{"path": "19960908/39777newsML.xml", "label": 33}
{"path": "19960908/39489newsML.xml", "label": 16}
{"path": "19960908/39439newsML.xml", "label": 47}
{"path": "19960908/39614newsML.xml", "label": 60}
{"path": "19960908/39615newsML.xml", "label": 44}
{"path": "19960908/39438newsML.xml", "label": 47}
{"path": "19960908/39898newsML.xml", "label": 47}
{"path": "19960908/39436newsML.xml", "label": 9}
{"path": "19960908/39593newsML.xml", "label": 16}
{"path": "19960908/39725newsML.xml", "label": 36}
{"path": "19960908/39440newsML.xml", "label": 47}
{"path": "19960908/39437newsML.xml", "label": 14}
{"path": "19960908/39724newsML.xml", "label": 24}
{"path": "19960908/39441newsML.xml", "label": 47}
{"path": "19960908/39727newsML.xml", "label": 36}
{"path": "19960908/39434newsML.xml", "label": 19}
{"path": "19960908/39947newsML.xml", "label": 36}
{"path": "19960908/39726newsML.xml", "label": 36}
{"path": "19960908/39918newsML.xml", "label": 52}
{"path": "19960908/39590newsML.xml", "label": 47}
{"path": "19960908/39443newsML.xml", "label": 18}
{"path": "19960908/39636newsML.xml", "label": 48}
{"path": "19960908/39756newsML.xml", "label": 24}
{"path": "19960908/39720newsML.xml", "label": 63}
{"path": "19960908/39446newsML.xml", "label": 39}
{"path": "19960908/39418newsML.xml", "label": 0}
{"path": "19960908/39942newsML.xml", "label": 47}
{"path": "19960908/39594newsML.xml", "label": 14}
{"path": "19960908/39454newsML.xml", "label": 16}
{"path": "19960908/39782newsML.xml", "label": 54}
{"path": "19960908/39924newsML.xml", "label": 67}
{"path": "19960908/39457newsML.xml", "label": 5}
{"path": "19960908/39420newsML.xml", "label": 14}
{"path": "19960908/39696newsML.xml", "label": 13}
{"path": "19960908/39493newsML.xml", "label": 39}
{"path": "19960908/39925newsML.xml", "label": 47}
{"path": "19960908/39922newsML.xml", "label": 55}
{"path": "19960908/39453newsML.xml", "label": 16}
{"path": "19960908/39496newsML.xml", "label": 0}
{"path": "19960908/39621newsML.xml", "label": 24}
{"path": "19960908/39452newsML.xml", "label": 68}
{"path": "19960908/39471newsML.xml", "label": 34}
{"path": "19960908/39714newsML.xml", "label": 0}
{"path": "19960908/39677newsML.xml", "label": 55}
{"path": "19960908/39928newsML.xml", "label": 0}
{"path": "19970413/505294newsML.xml", "label": 25}
{"path": "19970413/505332newsML.xml", "label": 47}
{"path": "19970413/505386newsML.xml", "label": 63}
{"path": "19970413/505183newsML.xml", "label": 3}
{"path": "19970413/505146newsML.xml", "label": 0}
{"path": "19970413/505456newsML.xml", "label": 19}
{"path": "19970413/505204newsML.xml", "label": 60}
{"path": "19970413/505365newsML.xml", "label": 44}
{"path": "19970413/505532newsML.xml", "label": 44}
{"path": "19970413/505544newsML.xml", "label": 19}
{"path": "19970413/505533newsML.xml", "label": 2}
{"path": "19970413/505203newsML.xml", "label": 50}
{"path": "19970413/505530newsML.xml", "label": 44}
{"path": "19970413/505451newsML.xml", "label": 13}
{"path": "19970413/505555newsML.xml", "label": 27}
{"path": "19970413/505373newsML.xml", "label": 3}
{"path": "19970413/505212newsML.xml", "label": 14}
{"path": "19970413/505211newsML.xml", "label": 14}
{"path": "19970413/505446newsML.xml", "label": 63}
{"path": "19970413/505216newsML.xml", "label": 14}
{"path": "19970413/505171newsML.xml", "label": 13}
{"path": "19970413/505281newsML.xml", "label": 0}
{"path": "19970413/505353newsML.xml", "label": 25}
{"path": "19970413/505120newsML.xml", "label": 25}
{"path": "19970413/505378newsML.xml", "label": 8}
{"path": "19970413/505448newsML.xml", "label": 60}
{"path": "19970413/505218newsML.xml", "label": 25}
{"path": "19970413/505466newsML.xml", "label": 60}
{"path": "19970413/505234newsML.xml", "label": 25}
{"path": "19970413/505287newsML.xml", "label": 63}
{"path": "19970413/505195newsML.xml", "label": 14}
{"path": "19960929/83597newsML.xml", "label": 24}
{"path": "19960929/83985newsML.xml", "label": 25}
{"path": "19960929/83933newsML.xml", "label": 50}
{"path": "19960929/83592newsML.xml", "label": 24}
{"path": "19960929/83932newsML.xml", "label": 50}
{"path": "19960929/83682newsML.xml", "label": 25}
{"path": "19960929/83619newsML.xml", "label": 54}
{"path": "19960929/83591newsML.xml", "label": 25}
{"path": "19960929/84013newsML.xml", "label": 13}
{"path": "19960929/83726newsML.xml", "label": 24}
{"path": "19960929/83683newsML.xml", "label": 24}
{"path": "19960929/83618newsML.xml", "label": 25}
{"path": "19960929/84086newsML.xml", "label": 40}
{"path": "19960929/83614newsML.xml", "label": 52}
{"path": "19960929/83577newsML.xml", "label": 25}
{"path": "19960929/83638newsML.xml", "label": 0}
{"path": "19960929/84044newsML.xml", "label": 2}
{"path": "19960929/83763newsML.xml", "label": 24}
{"path": "19960929/84057newsML.xml", "label": 0}
{"path": "19960929/83975newsML.xml", "label": 14}
{"path": "19960929/83602newsML.xml", "label": 25}
{"path": "19960929/83714newsML.xml", "label": 63}
{"path": "19960929/83567newsML.xml", "label": 25}
{"path": "19960929/83905newsML.xml", "label": 60}
{"path": "19960929/83712newsML.xml", "label": 24}
{"path": "19960929/83549newsML.xml", "label": 0}
{"path": "19960929/83834newsML.xml", "label": 63}
{"path": "19960929/83691newsML.xml", "label": 54}
{"path": "19960929/84077newsML.xml", "label": 24}
{"path": "19960929/83546newsML.xml", "label": 24}
{"path": "19960929/83580newsML.xml", "label": 2}
{"path": "19960929/83831newsML.xml", "label": 13}
{"path": "19960929/83534newsML.xml", "label": 24}
{"path": "19970315/445120newsML.xml", "label": 18}
{"path": "19970315/445329newsML.xml", "label": 60}
{"path": "19970315/445214newsML.xml", "label": 52}
{"path": "19970315/445102newsML.xml", "label": 54}
{"path": "19970315/445229newsML.xml", "label": 1}
{"path": "19970315/445204newsML.xml", "label": 48}
{"path": "19970315/445273newsML.xml", "label": 0}
{"path": "19970315/445130newsML.xml", "label": 19}
{"path": "19970315/445343newsML.xml", "label": 44}
{"path": "19970315/445119newsML.xml", "label": 50}
{"path": "19970315/445292newsML.xml", "label": 24}
{"path": "19970315/445134newsML.xml", "label": 54}
{"path": "19970315/445135newsML.xml", "label": 0}
{"path": "19970315/445345newsML.xml", "label": 51}
{"path": "19970315/445253newsML.xml", "label": 49}
{"path": "19970315/445344newsML.xml", "label": 32}
{"path": "19961224/275303newsML.xml", "label": 63}
{"path": "19961224/275856newsML.xml", "label": 63}
{"path": "19961224/275756newsML.xml", "label": 63}
{"path": "19961224/274597newsML.xml", "label": 70}
{"path": "19961224/275375newsML.xml", "label": 63}
{"path": "19961224/275684newsML.xml", "label": 13}
{"path": "19961224/275709newsML.xml", "label": 13}
{"path": "19961224/274940newsML.xml", "label": 63}
{"path": "19961224/274553newsML.xml", "label": 67}
{"path": "19961224/275579newsML.xml", "label": 13}
{"path": "19961224/275550newsML.xml", "label": 67}
{"path": "19961224/275752newsML.xml", "label": 0}
{"path": "19961224/275724newsML.xml", "label": 13}
{"path": "19961224/275436newsML.xml", "label": 67}
{"path": "19961224/275850newsML.xml", "label": 24}
{"path": "19961224/275128newsML.xml", "label": 3}
{"path": "19961224/275305newsML.xml", "label": 55}
{"path": "19961224/275048newsML.xml", "label": 0}
{"path": "19961224/275726newsML.xml", "label": 13}
{"path": "19961224/274618newsML.xml", "label": 67}
{"path": "19961224/275794newsML.xml", "label": 44}
{"path": "19961224/275304newsML.xml", "label": 67}
{"path": "19961224/275017newsML.xml", "label": 3}
{"path": "19961224/275727newsML.xml", "label": 13}
{"path": "19961224/275729newsML.xml", "label": 13}
{"path": "19961224/274917newsML.xml", "label": 3}
{"path": "19961224/275616newsML.xml", "label": 13}
{"path": "19961224/274961newsML.xml", "label": 60}
{"path": "19961224/274874newsML.xml", "label": 67}
{"path": "19961224/274914newsML.xml", "label": 19}
{"path": "19961224/275558newsML.xml", "label": 50}
{"path": "19961224/275506newsML.xml", "label": 50}
{"path": "19961224/275438newsML.xml", "label": 67}
{"path": "19961224/274558newsML.xml", "label": 67}
{"path": "19961224/274570newsML.xml", "label": 67}
{"path": "19961224/275614newsML.xml", "label": 3}
{"path": "19961224/274872newsML.xml", "label": 19}
{"path": "19961224/275218newsML.xml", "label": 67}
{"path": "19961224/274912newsML.xml", "label": 19}
{"path": "19961224/275282newsML.xml", "label": 50}
{"path": "19961224/274913newsML.xml", "label": 60}
{"path": "19961224/275871newsML.xml", "label": 10}
{"path": "19961224/275037newsML.xml", "label": 60}
{"path": "19961224/275157newsML.xml", "label": 67}
{"path": "19961224/275610newsML.xml", "label": 19}
{"path": "19961224/275463newsML.xml", "label": 12}
{"path": "19961224/274771newsML.xml", "label": 55}
{"path": "19961224/275415newsML.xml", "label": 67}
{"path": "19961224/275341newsML.xml", "label": 19}
{"path": "19961224/274566newsML.xml", "label": 67}
{"path": "19961224/274862newsML.xml", "label": 2}
{"path": "19961224/274902newsML.xml", "label": 19}
{"path": "19961224/275860newsML.xml", "label": 34}
{"path": "19961224/275386newsML.xml", "label": 2}
{"path": "19961224/274676newsML.xml", "label": 56}
{"path": "19961224/274867newsML.xml", "label": 3}
{"path": "19961224/275344newsML.xml", "label": 3}
{"path": "19961224/275092newsML.xml", "label": 48}
{"path": "19961224/275549newsML.xml", "label": 64}
{"path": "19961224/275560newsML.xml", "label": 18}
{"path": "19961224/275546newsML.xml", "label": 67}
{"path": "19961224/274786newsML.xml", "label": 70}
{"path": "19961224/274990newsML.xml", "label": 8}
{"path": "19961224/275741newsML.xml", "label": 24}
{"path": "19961224/274621newsML.xml", "label": 24}
{"path": "19961224/275006newsML.xml", "label": 19}
{"path": "19961224/274926newsML.xml", "label": 19}
{"path": "19961224/275160newsML.xml", "label": 21}
{"path": "19961224/275270newsML.xml", "label": 60}
{"path": "19961224/274492newsML.xml", "label": 38}
{"path": "19961224/275099newsML.xml", "label": 8}
{"path": "19960902/27569newsML.xml", "label": 14}
{"path": "19960902/27421newsML.xml", "label": 14}
{"path": "19960902/27115newsML.xml", "label": 56}
{"path": "19960902/27366newsML.xml", "label": 60}
{"path": "19960902/28135newsML.xml", "label": 23}
{"path": "19960902/28346newsML.xml", "label": 33}
{"path": "19960902/27098newsML.xml", "label": 7}
{"path": "19960902/27678newsML.xml", "label": 18}
{"path": "19960902/27608newsML.xml", "label": 8}
{"path": "19960902/27424newsML.xml", "label": 50}
{"path": "19960902/27909newsML.xml", "label": 38}
{"path": "19960902/26920newsML.xml", "label": 50}
{"path": "19960902/28342newsML.xml", "label": 21}
{"path": "19960902/28384newsML.xml", "label": 1}
{"path": "19960902/27546newsML.xml", "label": 23}
{"path": "19960902/27348newsML.xml", "label": 19}
{"path": "19960902/27583newsML.xml", "label": 19}
{"path": "19960902/26691newsML.xml", "label": 31}
{"path": "19960902/26954newsML.xml", "label": 19}
{"path": "19960902/28206newsML.xml", "label": 19}
{"path": "19960902/27561newsML.xml", "label": 70}
{"path": "19960902/26710newsML.xml", "label": 11}
{"path": "19960902/27607newsML.xml", "label": 8}
{"path": "19960902/27959newsML.xml", "label": 14}
{"path": "19960902/27224newsML.xml", "label": 2}
{"path": "19960902/27562newsML.xml", "label": 14}
{"path": "19960902/26900newsML.xml", "label": 14}
{"path": "19960902/28111newsML.xml", "label": 15}
{"path": "19960902/26716newsML.xml", "label": 38}
{"path": "19960902/26976newsML.xml", "label": 14}
{"path": "19960902/27565newsML.xml", "label": 60}
{"path": "19960902/28453newsML.xml", "label": 5}
{"path": "19960902/27928newsML.xml", "label": 52}
{"path": "19960902/28450newsML.xml", "label": 18}
{"path": "19960902/26903newsML.xml", "label": 52}
{"path": "19960902/26715newsML.xml", "label": 38}
{"path": "19960902/27598newsML.xml", "label": 34}
{"path": "19960902/27042newsML.xml", "label": 55}
{"path": "19960902/28015newsML.xml", "label": 2}
{"path": "19960902/26875newsML.xml", "label": 3}
{"path": "19960902/27571newsML.xml", "label": 5}
{"path": "19960902/27963newsML.xml", "label": 18}
{"path": "19960902/27125newsML.xml", "label": 55}
{"path": "19960902/28215newsML.xml", "label": 3}
{"path": "19960902/27572newsML.xml", "label": 5}
{"path": "19960902/26700newsML.xml", "label": 48}
{"path": "19960902/27917newsML.xml", "label": 38}
{"path": "19960902/27213newsML.xml", "label": 3}
{"path": "19960902/27630newsML.xml", "label": 18}
{"path": "19960902/27590newsML.xml", "label": 34}
{"path": "19960902/26932newsML.xml", "label": 3}
{"path": "19960902/27266newsML.xml", "label": 2}
{"path": "19960902/27855newsML.xml", "label": 52}
{"path": "19960902/28309newsML.xml", "label": 3}
{"path": "19960902/27579newsML.xml", "label": 69}
{"path": "19960902/27399newsML.xml", "label": 3}
{"path": "19960902/28126newsML.xml", "label": 15}
{"path": "19960902/26984newsML.xml", "label": 56}
{"path": "19960923/70202newsML.xml", "label": 2}
{"path": "19960923/70533newsML.xml", "label": 18}
{"path": "19960923/70920newsML.xml", "label": 3}
{"path": "19960923/71164newsML.xml", "label": 44}
{"path": "19960923/69558newsML.xml", "label": 38}
{"path": "19960923/70165newsML.xml", "label": 2}
{"path": "19960923/69559newsML.xml", "label": 38}
{"path": "19960923/69702newsML.xml", "label": 18}
{"path": "19960923/70427newsML.xml", "label": 33}
{"path": "19960923/69899newsML.xml", "label": 3}
{"path": "19960923/70270newsML.xml", "label": 2}
{"path": "19960923/70996newsML.xml", "label": 60}
{"path": "19960923/71536newsML.xml", "label": 55}
{"path": "19960923/69872newsML.xml", "label": 2}
{"path": "19960923/70882newsML.xml", "label": 21}
{"path": "19960923/70000newsML.xml", "label": 60}
{"path": "19960923/71651newsML.xml", "label": 33}
{"path": "19960923/71716newsML.xml", "label": 2}
{"path": "19960923/71407newsML.xml", "label": 10}
{"path": "19960923/70340newsML.xml", "label": 60}
{"path": "19960923/71539newsML.xml", "label": 23}
{"path": "19960923/70889newsML.xml", "label": 5}
{"path": "19960923/71226newsML.xml", "label": 56}
{"path": "19960923/69557newsML.xml", "label": 38}
{"path": "19960923/71428newsML.xml", "label": 69}
{"path": "19960923/71864newsML.xml", "label": 58}
{"path": "19960923/71429newsML.xml", "label": 39}
{"path": "19960923/69878newsML.xml", "label": 60}
{"path": "19960923/71252newsML.xml", "label": 52}
{"path": "19960923/71410newsML.xml", "label": 6}
{"path": "19960923/71703newsML.xml", "label": 3}
{"path": "19960923/70234newsML.xml", "label": 23}
{"path": "19960923/70648newsML.xml", "label": 55}
{"path": "19960923/70859newsML.xml", "label": 68}
{"path": "19960923/70247newsML.xml", "label": 52}
{"path": "19960923/71064newsML.xml", "label": 3}
{"path": "19960923/70936newsML.xml", "label": 8}
{"path": "19960923/69848newsML.xml", "label": 3}
{"path": "19960923/69849newsML.xml", "label": 18}
{"path": "19960923/71375newsML.xml", "label": 52}
{"path": "19960923/70213newsML.xml", "label": 21}
{"path": "19960923/69560newsML.xml", "label": 38}
{"path": "19970526/613840newsML.xml", "label": 3}
{"path": "19970526/613582newsML.xml", "label": 44}
{"path": "19970526/613310newsML.xml", "label": 23}
{"path": "19970526/614497newsML.xml", "label": 1}
{"path": "19970526/614110newsML.xml", "label": 23}
{"path": "19970526/614580newsML.xml", "label": 21}
{"path": "19970526/614479newsML.xml", "label": 48}
{"path": "19970526/613718newsML.xml", "label": 52}
{"path": "19970526/614401newsML.xml", "label": 38}
{"path": "19970526/614054newsML.xml", "label": 23}
{"path": "19970526/614186newsML.xml", "label": 15}
{"path": "19970526/613717newsML.xml", "label": 48}
{"path": "19970526/614670newsML.xml", "label": 23}
{"path": "19970526/613999newsML.xml", "label": 52}
{"path": "19970526/615659newsML.xml", "label": 18}
{"path": "19970526/615658newsML.xml", "label": 18}
{"path": "19970526/614499newsML.xml", "label": 52}
{"path": "19970526/613659newsML.xml", "label": 44}
{"path": "19970526/614086newsML.xml", "label": 64}
{"path": "19970526/613660newsML.xml", "label": 33}
{"path": "19970526/613416newsML.xml", "label": 7}
{"path": "19970526/613723newsML.xml", "label": 48}
{"path": "19970526/614487newsML.xml", "label": 7}
{"path": "19970526/613668newsML.xml", "label": 61}
{"path": "19970526/614198newsML.xml", "label": 31}
{"path": "19970526/614482newsML.xml", "label": 40}
{"path": "19970526/613522newsML.xml", "label": 8}
{"path": "19970526/613436newsML.xml", "label": 48}
{"path": "19961216/260062newsML.xml", "label": 18}
{"path": "19961216/258884newsML.xml", "label": 61}
{"path": "19961216/257846newsML.xml", "label": 15}
{"path": "19961216/258498newsML.xml", "label": 64}
{"path": "19961216/259330newsML.xml", "label": 10}
{"path": "19961216/260041newsML.xml", "label": 10}
{"path": "19961216/259130newsML.xml", "label": 61}
{"path": "19961216/260396newsML.xml", "label": 10}
{"path": "19961216/259246newsML.xml", "label": 64}
{"path": "19961216/258395newsML.xml", "label": 44}
{"path": "19961216/258040newsML.xml", "label": 8}
{"path": "19961216/260386newsML.xml", "label": 18}
{"path": "19961216/257826newsML.xml", "label": 18}
{"path": "19961216/259325newsML.xml", "label": 10}
{"path": "19961216/260401newsML.xml", "label": 9}
{"path": "19961216/260055newsML.xml", "label": 18}
{"path": "19961216/257988newsML.xml", "label": 8}
{"path": "19961216/259307newsML.xml", "label": 10}
{"path": "19961216/260072newsML.xml", "label": 10}
{"path": "19961216/260059newsML.xml", "label": 10}
{"path": "19961216/258930newsML.xml", "label": 48}
{"path": "19961216/259302newsML.xml", "label": 10}
{"path": "19961216/259937newsML.xml", "label": 38}
{"path": "19961216/259301newsML.xml", "label": 27}
{"path": "19961216/259329newsML.xml", "label": 10}
{"path": "19961216/258642newsML.xml", "label": 15}
{"path": "19961216/259328newsML.xml", "label": 10}
{"path": "19970815/801762newsML.xml", "label": 8}
{"path": "19970815/803901newsML.xml", "label": 15}
{"path": "19970815/803404newsML.xml", "label": 69}
{"path": "19970815/802814newsML.xml", "label": 5}
{"path": "19970815/803406newsML.xml", "label": 27}
{"path": "19970815/801671newsML.xml", "label": 21}
{"path": "19970815/803959newsML.xml", "label": 66}
{"path": "19970815/802810newsML.xml", "label": 5}
{"path": "19970815/802007newsML.xml", "label": 56}
{"path": "19970815/802545newsML.xml", "label": 8}
{"path": "19970815/802834newsML.xml", "label": 5}
{"path": "19970815/803952newsML.xml", "label": 18}
{"path": "19970815/803409newsML.xml", "label": 10}
{"path": "19970815/801996newsML.xml", "label": 56}
{"path": "19970815/803950newsML.xml", "label": 20}
{"path": "19970815/803926newsML.xml", "label": 31}
{"path": "19970815/802001newsML.xml", "label": 56}
{"path": "19970815/803951newsML.xml", "label": 18}
{"path": "19970815/803534newsML.xml", "label": 8}
{"path": "19970815/803216newsML.xml", "label": 7}
{"path": "19970815/802012newsML.xml", "label": 56}
{"path": "19970815/802010newsML.xml", "label": 56}
{"path": "19970815/802808newsML.xml", "label": 1}
{"path": "19970815/802480newsML.xml", "label": 56}
{"path": "19970815/803982newsML.xml", "label": 5}
{"path": "19970815/803895newsML.xml", "label": 70}
{"path": "19970815/801633newsML.xml", "label": 18}
{"path": "19970815/802031newsML.xml", "label": 28}
{"path": "19970815/801416newsML.xml", "label": 38}
{"path": "19970815/802414newsML.xml", "label": 18}
{"path": "19970815/802040newsML.xml", "label": 56}
{"path": "19970815/801417newsML.xml", "label": 38}
{"path": "19970815/802806newsML.xml", "label": 22}
{"path": "19970815/803912newsML.xml", "label": 70}
{"path": "19960823/11893newsML.xml", "label": 31}
{"path": "19960823/10432newsML.xml", "label": 5}
{"path": "19960823/10433newsML.xml", "label": 5}
{"path": "19960823/10525newsML.xml", "label": 5}
{"path": "19960823/10434newsML.xml", "label": 5}
{"path": "19960823/10213newsML.xml", "label": 31}
{"path": "19960823/10523newsML.xml", "label": 6}
{"path": "19960823/10370newsML.xml", "label": 5}
{"path": "19960823/10521newsML.xml", "label": 9}
{"path": "19960823/10357newsML.xml", "label": 5}
{"path": "19960823/10309newsML.xml", "label": 20}
{"path": "19960823/10322newsML.xml", "label": 5}
{"path": "19960823/10194newsML.xml", "label": 31}
{"path": "19960823/10232newsML.xml", "label": 31}
{"path": "19960823/10327newsML.xml", "label": 68}
{"path": "19960823/10255newsML.xml", "label": 8}
{"path": "19960823/11147newsML.xml", "label": 44}
{"path": "19960823/10513newsML.xml", "label": 5}
{"path": "19960823/10336newsML.xml", "label": 5}
{"path": "19960823/10510newsML.xml", "label": 34}
{"path": "19960823/12008newsML.xml", "label": 38}
{"path": "19960823/10347newsML.xml", "label": 65}
{"path": "19960823/12227newsML.xml", "label": 44}
{"path": "19960823/11184newsML.xml", "label": 64}
{"path": "19960823/10253newsML.xml", "label": 31}
{"path": "19960823/10203newsML.xml", "label": 9}
{"path": "19960823/10530newsML.xml", "label": 6}
{"path": "19960823/10188newsML.xml", "label": 31}
{"path": "19960823/10409newsML.xml", "label": 10}
{"path": "19960823/12076newsML.xml", "label": 48}
{"path": "19960823/12535newsML.xml", "label": 58}
{"path": "19960823/10420newsML.xml", "label": 22}
{"path": "19960823/10364newsML.xml", "label": 34}
{"path": "19960911/47031newsML.xml", "label": 9}
{"path": "19960911/46948newsML.xml", "label": 32}
{"path": "19960911/46152newsML.xml", "label": 70}
{"path": "19960911/47898newsML.xml", "label": 8}
{"path": "19960911/46965newsML.xml", "label": 66}
{"path": "19960911/45872newsML.xml", "label": 7}
{"path": "19960911/47106newsML.xml", "label": 6}
{"path": "19960911/47010newsML.xml", "label": 48}
{"path": "19960911/47790newsML.xml", "label": 35}
{"path": "19960911/47013newsML.xml", "label": 6}
{"path": "19960911/47579newsML.xml", "label": 38}
{"path": "19960911/47012newsML.xml", "label": 6}
{"path": "19960911/46105newsML.xml", "label": 64}
{"path": "19960911/45288newsML.xml", "label": 38}
{"path": "19960911/45289newsML.xml", "label": 38}
{"path": "19960911/46982newsML.xml", "label": 9}
{"path": "19960911/47100newsML.xml", "label": 10}
{"path": "19960911/47000newsML.xml", "label": 34}
{"path": "19960911/46161newsML.xml", "label": 70}
{"path": "19960911/47846newsML.xml", "label": 15}
{"path": "19960911/47626newsML.xml", "label": 44}
{"path": "19960911/47099newsML.xml", "label": 6}
{"path": "19960911/46999newsML.xml", "label": 68}
{"path": "19960911/47097newsML.xml", "label": 10}
{"path": "19960911/47079newsML.xml", "label": 10}
{"path": "19960911/46958newsML.xml", "label": 66}
{"path": "19960911/46738newsML.xml", "label": 61}
{"path": "19960911/46141newsML.xml", "label": 33}
{"path": "19960911/46789newsML.xml", "label": 56}
{"path": "19960911/46278newsML.xml", "label": 48}
{"path": "19960911/46973newsML.xml", "label": 66}
{"path": "19961018/127144newsML.xml", "label": 9}
{"path": "19961018/128363newsML.xml", "label": 58}
{"path": "19961018/127387newsML.xml", "label": 4}
{"path": "19961018/127131newsML.xml", "label": 69}
{"path": "19961018/127515newsML.xml", "label": 61}
{"path": "19961018/126333newsML.xml", "label": 61}
{"path": "19961018/128366newsML.xml", "label": 69}
{"path": "19961018/127143newsML.xml", "label": 10}
{"path": "19961018/125885newsML.xml", "label": 15}
{"path": "19961018/125582newsML.xml", "label": 38}
{"path": "19961018/125583newsML.xml", "label": 38}
{"path": "19961018/125584newsML.xml", "label": 38}
{"path": "19961018/126882newsML.xml", "label": 23}
{"path": "19961018/127924newsML.xml", "label": 48}
{"path": "19961018/127820newsML.xml", "label": 6}
{"path": "19961018/127809newsML.xml", "label": 6}
{"path": "19961018/127825newsML.xml", "label": 34}
{"path": "19961018/127151newsML.xml", "label": 6}
{"path": "19961018/127729newsML.xml", "label": 23}
{"path": "19961018/126151newsML.xml", "label": 58}
{"path": "19961018/127356newsML.xml", "label": 56}
{"path": "19961018/127802newsML.xml", "label": 11}
{"path": "19961018/127397newsML.xml", "label": 44}
{"path": "19961018/128372newsML.xml", "label": 68}
{"path": "19960930/85753newsML.xml", "label": 8}
{"path": "19960930/85468newsML.xml", "label": 49}
{"path": "19960930/86211newsML.xml", "label": 44}
{"path": "19960930/86482newsML.xml", "label": 8}
{"path": "19960930/84936newsML.xml", "label": 8}
{"path": "19960930/86943newsML.xml", "label": 10}
{"path": "19960930/85643newsML.xml", "label": 8}
{"path": "19960930/84301newsML.xml", "label": 15}
{"path": "19960930/86941newsML.xml", "label": 68}
{"path": "19960930/85155newsML.xml", "label": 56}
{"path": "19960930/85576newsML.xml", "label": 23}
{"path": "19960930/86965newsML.xml", "label": 66}
{"path": "19960930/86379newsML.xml", "label": 34}
{"path": "19960930/85322newsML.xml", "label": 48}
{"path": "19960930/86392newsML.xml", "label": 15}
{"path": "19960930/84507newsML.xml", "label": 7}
{"path": "19960930/86801newsML.xml", "label": 28}
{"path": "19960930/86948newsML.xml", "label": 9}
{"path": "19960930/86700newsML.xml", "label": 7}
{"path": "19960930/86382newsML.xml", "label": 9}
{"path": "19960930/84187newsML.xml", "label": 48}
{"path": "19960930/86257newsML.xml", "label": 70}
{"path": "19960930/86053newsML.xml", "label": 7}
{"path": "19960930/85761newsML.xml", "label": 7}
{"path": "19960930/84272newsML.xml", "label": 15}
{"path": "19960930/84409newsML.xml", "label": 7}
{"path": "19960930/86719newsML.xml", "label": 35}
{"path": "19960930/85654newsML.xml", "label": 68}
{"path": "19960930/85841newsML.xml", "label": 4}
{"path": "19970703/704987newsML.xml", "label": 23}
{"path": "19970703/704986newsML.xml", "label": 23}
{"path": "19970703/705215newsML.xml", "label": 15}
{"path": "19970703/704684newsML.xml", "label": 56}
{"path": "19970703/706198newsML.xml", "label": 68}
{"path": "19970703/705442newsML.xml", "label": 21}
{"path": "19970703/705631newsML.xml", "label": 15}
{"path": "19970703/706523newsML.xml", "label": 28}
{"path": "19970703/705632newsML.xml", "label": 15}
{"path": "19970703/704610newsML.xml", "label": 33}
{"path": "19970703/705026newsML.xml", "label": 23}
{"path": "19970703/704337newsML.xml", "label": 35}
{"path": "19970703/705999newsML.xml", "label": 70}
{"path": "19970703/705331newsML.xml", "label": 33}
{"path": "19970703/705561newsML.xml", "label": 70}
{"path": "19970703/705021newsML.xml", "label": 15}
{"path": "19970703/705363newsML.xml", "label": 23}
{"path": "19970703/705315newsML.xml", "label": 49}
{"path": "19970703/706228newsML.xml", "label": 1}
{"path": "19970703/704005newsML.xml", "label": 8}
{"path": "19970703/706651newsML.xml", "label": 64}
{"path": "19970703/706744newsML.xml", "label": 31}
{"path": "19970318/451089newsML.xml", "label": 64}
{"path": "19970318/451261newsML.xml", "label": 35}
{"path": "19970318/451940newsML.xml", "label": 69}
{"path": "19970318/450212newsML.xml", "label": 15}
{"path": "19970318/450795newsML.xml", "label": 41}
{"path": "19970318/451467newsML.xml", "label": 20}
{"path": "19970318/451439newsML.xml", "label": 35}
{"path": "19970318/451962newsML.xml", "label": 6}
{"path": "19970318/451961newsML.xml", "label": 6}
{"path": "19970318/450465newsML.xml", "label": 35}
{"path": "19970318/451828newsML.xml", "label": 8}
{"path": "19970318/450040newsML.xml", "label": 55}
{"path": "19970318/448995newsML.xml", "label": 7}
{"path": "19970318/449106newsML.xml", "label": 21}
{"path": "19970318/450476newsML.xml", "label": 35}
{"path": "19970318/450516newsML.xml", "label": 7}
{"path": "19970318/449795newsML.xml", "label": 28}
{"path": "19970318/451057newsML.xml", "label": 64}
{"path": "19970318/451092newsML.xml", "label": 33}
{"path": "19970318/450274newsML.xml", "label": 33}
{"path": "19970318/451868newsML.xml", "label": 21}
{"path": "19970318/450277newsML.xml", "label": 33}
{"path": "19970318/450887newsML.xml", "label": 48}
{"path": "19970318/450478newsML.xml", "label": 35}
{"path": "19970318/450276newsML.xml", "label": 30}
{"path": "19970318/450259newsML.xml", "label": 33}
{"path": "19970318/449155newsML.xml", "label": 7}
{"path": "19970318/451678newsML.xml", "label": 20}
{"path": "19970728/759684newsML.xml", "label": 33}
{"path": "19970728/759375newsML.xml", "label": 64}
{"path": "19970728/761653newsML.xml", "label": 58}
{"path": "19970728/761259newsML.xml", "label": 35}
{"path": "19970728/761111newsML.xml", "label": 58}
{"path": "19970728/760314newsML.xml", "label": 23}
{"path": "19970728/761137newsML.xml", "label": 6}
{"path": "19970728/758800newsML.xml", "label": 31}
{"path": "19970728/761143newsML.xml", "label": 20}
{"path": "19970728/761714newsML.xml", "label": 6}
{"path": "19970728/759705newsML.xml", "label": 70}
{"path": "19970728/760183newsML.xml", "label": 15}
{"path": "19970728/758806newsML.xml", "label": 31}
{"path": "19970728/759667newsML.xml", "label": 64}
{"path": "19970728/761352newsML.xml", "label": 37}
{"path": "19970728/759622newsML.xml", "label": 48}
{"path": "19970728/761591newsML.xml", "label": 26}
{"path": "19970124/330676newsML.xml", "label": 26}
{"path": "19970124/332472newsML.xml", "label": 7}
{"path": "19970124/332140newsML.xml", "label": 7}
{"path": "19970124/331168newsML.xml", "label": 33}
{"path": "19970124/332764newsML.xml", "label": 33}
{"path": "19970124/331274newsML.xml", "label": 35}
{"path": "19970124/330311newsML.xml", "label": 23}
{"path": "19970124/330624newsML.xml", "label": 21}
{"path": "19970124/331535newsML.xml", "label": 15}
{"path": "19970124/329858newsML.xml", "label": 7}
{"path": "19970124/332375newsML.xml", "label": 7}
{"path": "19970124/332790newsML.xml", "label": 12}
{"path": "19970124/332791newsML.xml", "label": 61}
{"path": "19970124/332554newsML.xml", "label": 35}
{"path": "19970124/329864newsML.xml", "label": 7}
{"path": "19970124/332660newsML.xml", "label": 48}
{"path": "19970124/331729newsML.xml", "label": 15}
{"path": "19970124/331108newsML.xml", "label": 55}
{"path": "19970124/332772newsML.xml", "label": 66}
{"path": "19970124/332771newsML.xml", "label": 66}
{"path": "19970206/360388newsML.xml", "label": 58}
{"path": "19970206/361695newsML.xml", "label": 65}
{"path": "19970206/361692newsML.xml", "label": 61}
{"path": "19970206/362228newsML.xml", "label": 69}
{"path": "19970206/361671newsML.xml", "label": 6}
{"path": "19970206/360225newsML.xml", "label": 15}
{"path": "19970206/360761newsML.xml", "label": 23}
{"path": "19970206/361601newsML.xml", "label": 55}
{"path": "19970206/361157newsML.xml", "label": 66}
{"path": "19970206/360306newsML.xml", "label": 23}
{"path": "19970206/361175newsML.xml", "label": 6}
{"path": "19970206/361486newsML.xml", "label": 55}
{"path": "19970206/360669newsML.xml", "label": 70}
{"path": "19970206/359925newsML.xml", "label": 33}
{"path": "19961001/89062newsML.xml", "label": 49}
{"path": "19961001/88822newsML.xml", "label": 31}
{"path": "19961001/88808newsML.xml", "label": 31}
{"path": "19961001/89041newsML.xml", "label": 31}
{"path": "19961001/89394newsML.xml", "label": 9}
{"path": "19961001/89393newsML.xml", "label": 9}
{"path": "19961001/89392newsML.xml", "label": 12}
{"path": "19961001/90015newsML.xml", "label": 69}
{"path": "19961001/88402newsML.xml", "label": 31}
{"path": "19961001/89380newsML.xml", "label": 22}
{"path": "19961001/89539newsML.xml", "label": 35}
{"path": "19961001/89406newsML.xml", "label": 22}
{"path": "19961001/89409newsML.xml", "label": 20}
{"path": "19961001/89992newsML.xml", "label": 6}
{"path": "19961001/89203newsML.xml", "label": 23}
{"path": "19961001/87404newsML.xml", "label": 31}
{"path": "19961001/88787newsML.xml", "label": 37}
{"path": "19961001/89361newsML.xml", "label": 31}
{"path": "19970227/409445newsML.xml", "label": 6}
{"path": "19970227/406611newsML.xml", "label": 31}
{"path": "19970227/406579newsML.xml", "label": 31}
{"path": "19970227/407419newsML.xml", "label": 26}
{"path": "19970227/408157newsML.xml", "label": 49}
{"path": "19970227/408772newsML.xml", "label": 69}
{"path": "19970227/406609newsML.xml", "label": 70}
{"path": "19970227/406608newsML.xml", "label": 70}
{"path": "19970227/408458newsML.xml", "label": 21}
{"path": "19970227/407832newsML.xml", "label": 20}
{"path": "19970227/406259newsML.xml", "label": 70}
{"path": "19970227/409453newsML.xml", "label": 6}
{"path": "19970227/408071newsML.xml", "label": 61}
{"path": "19970227/408742newsML.xml", "label": 6}
{"path": "19970227/408733newsML.xml", "label": 51}
{"path": "19961106/171642newsML.xml", "label": 20}
{"path": "19961106/170755newsML.xml", "label": 1}
{"path": "19961106/169587newsML.xml", "label": 64}
{"path": "19961106/168730newsML.xml", "label": 30}
{"path": "19961106/171069newsML.xml", "label": 70}
{"path": "19961106/171616newsML.xml", "label": 65}
{"path": "19961106/170031newsML.xml", "label": 37}
{"path": "19961106/170384newsML.xml", "label": 1}
{"path": "19961106/170420newsML.xml", "label": 21}
{"path": "19961106/169876newsML.xml", "label": 70}
{"path": "19961205/238362newsML.xml", "label": 55}
{"path": "19961205/239006newsML.xml", "label": 65}
{"path": "19961205/238530newsML.xml", "label": 65}
{"path": "19961205/237712newsML.xml", "label": 40}
{"path": "19961205/238534newsML.xml", "label": 34}
{"path": "19961205/238458newsML.xml", "label": 55}
{"path": "19961205/236678newsML.xml", "label": 58}
{"path": "19961205/237727newsML.xml", "label": 34}
{"path": "19961205/237726newsML.xml", "label": 68}
{"path": "19961205/237683newsML.xml", "label": 58}
{"path": "19961205/238529newsML.xml", "label": 34}
{"path": "19961205/237441newsML.xml", "label": 55}
{"path": "19961205/238525newsML.xml", "label": 66}
{"path": "19961205/237728newsML.xml", "label": 34}
{"path": "19961205/237034newsML.xml", "label": 33}
{"path": "19970622/679105newsML.xml", "label": 55}
{"path": "19970622/679159newsML.xml", "label": 39}
{"path": "19970622/679161newsML.xml", "label": 68}
{"path": "19970625/687938newsML.xml", "label": 21}
{"path": "19970625/686233newsML.xml", "label": 21}
{"path": "19970625/687506newsML.xml", "label": 11}
{"path": "19970625/686176newsML.xml", "label": 1}
{"path": "19970625/687480newsML.xml", "label": 40}
{"path": "19970625/687367newsML.xml", "label": 55}
{"path": "19970625/687492newsML.xml", "label": 68}
{"path": "19970625/687491newsML.xml", "label": 68}
{"path": "19970625/687111newsML.xml", "label": 33}
{"path": "19970625/687849newsML.xml", "label": 64}
{"path": "19970625/685511newsML.xml", "label": 33}
{"path": "19970625/687387newsML.xml", "label": 1}
{"path": "19970625/688138newsML.xml", "label": 34}
{"path": "19970806/782664newsML.xml", "label": 9}
{"path": "19970806/782577newsML.xml", "label": 22}
{"path": "19970806/782613newsML.xml", "label": 9}
{"path": "19970806/782610newsML.xml", "label": 68}
{"path": "19970806/782599newsML.xml", "label": 69}
{"path": "19970806/782661newsML.xml", "label": 34}
{"path": "19970806/782617newsML.xml", "label": 66}
{"path": "19970806/783802newsML.xml", "label": 49}
{"path": "19970806/783048newsML.xml", "label": 1}
{"path": "19970806/782578newsML.xml", "label": 49}
{"path": "19970806/781167newsML.xml", "label": 61}
{"path": "19970806/782620newsML.xml", "label": 1}
{"path": "19970806/780742newsML.xml", "label": 70}
{"path": "19970806/782606newsML.xml", "label": 65}
{"path": "19970604/636889newsML.xml", "label": 28}
{"path": "19970604/638499newsML.xml", "label": 1}
{"path": "19970604/638514newsML.xml", "label": 1}
{"path": "19970604/638093newsML.xml", "label": 64}
{"path": "19970604/638193newsML.xml", "label": 28}
{"path": "19970604/637554newsML.xml", "label": 32}
{"path": "19970604/638286newsML.xml", "label": 51}
{"path": "19970604/637552newsML.xml", "label": 68}
{"path": "19970709/716987newsML.xml", "label": 64}
{"path": "19970709/717635newsML.xml", "label": 61}
{"path": "19970709/718178newsML.xml", "label": 11}
{"path": "19970709/717010newsML.xml", "label": 66}
{"path": "19970709/716820newsML.xml", "label": 49}
{"path": "19970709/715878newsML.xml", "label": 64}
{"path": "19970709/717268newsML.xml", "label": 61}
{"path": "19970709/717356newsML.xml", "label": 1}
{"path": "19970709/717663newsML.xml", "label": 32}
{"path": "19970709/717666newsML.xml", "label": 9}
{"path": "19970709/717220newsML.xml", "label": 35}
{"path": "19970709/717673newsML.xml", "label": 39}
{"path": "19970709/718180newsML.xml", "label": 61}
{"path": "19970709/716735newsML.xml", "label": 1}
{"path": "19970421/526595newsML.xml", "label": 70}
{"path": "19970421/526104newsML.xml", "label": 34}
{"path": "19970421/525936newsML.xml", "label": 64}
{"path": "19970421/526048newsML.xml", "label": 70}
{"path": "19970421/526478newsML.xml", "label": 49}
{"path": "19970421/526115newsML.xml", "label": 20}
{"path": "19970421/525021newsML.xml", "label": 21}
{"path": "19970312/436121newsML.xml", "label": 37}
{"path": "19970312/437125newsML.xml", "label": 49}
{"path": "19970312/435876newsML.xml", "label": 28}
{"path": "19970312/437285newsML.xml", "label": 68}
{"path": "19970312/436436newsML.xml", "label": 49}
{"path": "19970312/437199newsML.xml", "label": 61}
{"path": "19970312/438352newsML.xml", "label": 9}
{"path": "19970312/437643newsML.xml", "label": 40}
{"path": "19970312/435925newsML.xml", "label": 58}
{"path": "19970312/437535newsML.xml", "label": 21}
{"path": "19970312/435951newsML.xml", "label": 61}
{"path": "19970312/437583newsML.xml", "label": 21}
{"path": "19970312/437812newsML.xml", "label": 4}
{"path": "19970312/437294newsML.xml", "label": 9}
{"path": "19961115/193539newsML.xml", "label": 30}
{"path": "19961115/193693newsML.xml", "label": 21}
{"path": "19961115/194456newsML.xml", "label": 34}
{"path": "19961115/194338newsML.xml", "label": 28}
{"path": "19961115/194455newsML.xml", "label": 34}
{"path": "19961115/194423newsML.xml", "label": 69}
{"path": "19961115/194422newsML.xml", "label": 69}
{"path": "19961115/194479newsML.xml", "label": 51}
{"path": "19961115/191924newsML.xml", "label": 21}
{"path": "19961115/193504newsML.xml", "label": 30}
{"path": "19961115/193391newsML.xml", "label": 21}
{"path": "19970116/312576newsML.xml", "label": 61}
{"path": "19970116/310944newsML.xml", "label": 20}
{"path": "19970116/312556newsML.xml", "label": 69}
{"path": "19970116/313290newsML.xml", "label": 64}
{"path": "19970116/313343newsML.xml", "label": 4}
{"path": "19970116/313975newsML.xml", "label": 66}
{"path": "19970116/313401newsML.xml", "label": 40}
{"path": "19970801/773911newsML.xml", "label": 58}
{"path": "19970507/568255newsML.xml", "label": 34}
{"path": "19970617/667873newsML.xml", "label": 39}
{"path": "19970617/665707newsML.xml", "label": 35}
{"path": "19970617/666966newsML.xml", "label": 35}
{"path": "19970617/666244newsML.xml", "label": 64}
{"path": "19970617/667878newsML.xml", "label": 32}
{"path": "19970617/668859newsML.xml", "label": 66}
{"path": "19970617/665686newsML.xml", "label": 35}
{"path": "19970617/667791newsML.xml", "label": 64}
{"path": "19970617/667855newsML.xml", "label": 61}
{"path": "19970617/668838newsML.xml", "label": 39}
{"path": "19970617/667880newsML.xml", "label": 32}
{"path": "19970617/667866newsML.xml", "label": 35}
{"path": "19970617/668148newsML.xml", "label": 35}
{"path": "19970617/667864newsML.xml", "label": 35}
{"path": "19970617/667860newsML.xml", "label": 1}
{"path": "19970617/668837newsML.xml", "label": 68}
{"path": "19970722/746776newsML.xml", "label": 68}
{"path": "19970722/746777newsML.xml", "label": 49}
{"path": "19970722/745710newsML.xml", "label": 4}
{"path": "19970722/747991newsML.xml", "label": 9}
{"path": "19970722/747997newsML.xml", "label": 51}
{"path": "19970722/747423newsML.xml", "label": 49}
{"path": "19970426/541763newsML.xml", "label": 66}
{"path": "19970731/770936newsML.xml", "label": 61}
{"path": "19970731/770044newsML.xml", "label": 22}
{"path": "19970731/771559newsML.xml", "label": 61}
{"path": "19970731/770109newsML.xml", "label": 1}
{"path": "19970731/771293newsML.xml", "label": 35}
{"path": "19970731/770056newsML.xml", "label": 69}
{"path": "19970123/326930newsML.xml", "label": 1}
{"path": "19970123/329599newsML.xml", "label": 58}
{"path": "19970123/328634newsML.xml", "label": 27}
{"path": "19970123/329657newsML.xml", "label": 28}
{"path": "19970123/329696newsML.xml", "label": 40}
{"path": "19970123/329028newsML.xml", "label": 69}
{"path": "19970123/329719newsML.xml", "label": 1}
{"path": "19970123/329715newsML.xml", "label": 12}
{"path": "19970123/329220newsML.xml", "label": 26}
{"path": "19970212/374362newsML.xml", "label": 69}
{"path": "19970212/374346newsML.xml", "label": 69}
{"path": "19970212/373749newsML.xml", "label": 9}
{"path": "19970212/373788newsML.xml", "label": 20}
{"path": "19970212/374356newsML.xml", "label": 11}
{"path": "19970212/373171newsML.xml", "label": 20}
{"path": "19970514/582758newsML.xml", "label": 20}
{"path": "19970514/584234newsML.xml", "label": 68}
{"path": "19961020/129427newsML.xml", "label": 68}
{"path": "19961020/129170newsML.xml", "label": 37}
{"path": "19961229/279664newsML.xml", "label": 39}
{"path": "19970403/486015newsML.xml", "label": 27}
{"path": "19970403/486018newsML.xml", "label": 27}
{"path": "19970403/486321newsML.xml", "label": 28}
{"path": "19970403/484092newsML.xml", "label": 30}
{"path": "19970403/486548newsML.xml", "label": 39}
{"path": "19970403/486530newsML.xml", "label": 41}
{"path": "19970403/486535newsML.xml", "label": 69}
{"path": "19970403/486000newsML.xml", "label": 32}
{"path": "19970403/486543newsML.xml", "label": 9}
{"path": "19970403/485542newsML.xml", "label": 20}
{"path": "19970403/485994newsML.xml", "label": 69}
{"path": "19970403/486003newsML.xml", "label": 65}
{"path": "19970220/391376newsML.xml", "label": 30}
{"path": "19970220/391047newsML.xml", "label": 28}
{"path": "19970220/391961newsML.xml", "label": 37}
{"path": "19970220/392971newsML.xml", "label": 37}
{"path": "19970220/393097newsML.xml", "label": 40}
{"path": "19970609/648751newsML.xml", "label": 1}
{"path": "19970609/647655newsML.xml", "label": 51}
{"path": "19970609/648621newsML.xml", "label": 20}
{"path": "19970609/648786newsML.xml", "label": 66}
{"path": "19970320/456152newsML.xml", "label": 20}
{"path": "19970320/457680newsML.xml", "label": 9}
{"path": "19970320/456855newsML.xml", "label": 22}
{"path": "19970320/457654newsML.xml", "label": 40}
{"path": "19970320/457698newsML.xml", "label": 65}
{"path": "19970717/736566newsML.xml", "label": 49}
{"path": "19970717/734843newsML.xml", "label": 49}
{"path": "19970717/736117newsML.xml", "label": 49}
{"path": "19970717/735271newsML.xml", "label": 20}
{"path": "19970717/738064newsML.xml", "label": 66}
{"path": "19970521/602995newsML.xml", "label": 40}
{"path": "19970521/603022newsML.xml", "label": 51}
{"path": "19970521/600961newsML.xml", "label": 30}
{"path": "19970521/600616newsML.xml", "label": 66}
{"path": "19970521/600579newsML.xml", "label": 69}
{"path": "19970521/603012newsML.xml", "label": 51}
{"path": "19970521/604215newsML.xml", "label": 65}
{"path": "19970521/603017newsML.xml", "label": 11}
{"path": "19961223/272865newsML.xml", "label": 26}
{"path": "19961223/274039newsML.xml", "label": 27}
{"path": "19961223/273775newsML.xml", "label": 37}
{"path": "19961223/274467newsML.xml", "label": 39}
{"path": "19970201/349522newsML.xml", "label": 41}
{"path": "19961006/98782newsML.xml", "label": 49}
{"path": "19961006/98748newsML.xml", "label": 49}
{"path": "19961006/98716newsML.xml", "label": 58}
{"path": "19970129/342837newsML.xml", "label": 66}
{"path": "19970129/342805newsML.xml", "label": 41}
{"path": "19970129/341414newsML.xml", "label": 26}
{"path": "19970129/341870newsML.xml", "label": 26}
{"path": "19970129/341724newsML.xml", "label": 12}
{"path": "19970129/340102newsML.xml", "label": 58}
{"path": "19970129/340447newsML.xml", "label": 58}
{"path": "19970129/340685newsML.xml", "label": 20}
{"path": "19961230/281324newsML.xml", "label": 49}
{"path": "19961011/111868newsML.xml", "label": 29}
{"path": "19961011/112331newsML.xml", "label": 27}
{"path": "19961011/111813newsML.xml", "label": 37}
{"path": "19970106/288855newsML.xml", "label": 4}
{"path": "19970106/289562newsML.xml", "label": 65}
{"path": "19960916/56279newsML.xml", "label": 41}
{"path": "19960916/56232newsML.xml", "label": 66}
{"path": "19970725/758218newsML.xml", "label": 39}
{"path": "19970102/283234newsML.xml", "label": 30}
{"path": "19970621/678592newsML.xml", "label": 32}
{"path": "19970704/708733newsML.xml", "label": 20}
{"path": "19970704/707777newsML.xml", "label": 37}
{"path": "19961211/249554newsML.xml", "label": 30}
{"path": "19961211/251140newsML.xml", "label": 22}
{"path": "19961211/248323newsML.xml", "label": 30}
{"path": "19961211/249564newsML.xml", "label": 37}
{"path": "19961127/222090newsML.xml", "label": 58}
{"path": "19961127/219307newsML.xml", "label": 30}
{"path": "19961127/220834newsML.xml", "label": 20}
{"path": "19961127/222071newsML.xml", "label": 51}
{"path": "19960829/21531newsML.xml", "label": 28}
{"path": "19960829/22903newsML.xml", "label": 66}
{"path": "19960829/20870newsML.xml", "label": 32}
{"path": "19961215/257772newsML.xml", "label": 39}
{"path": "19970327/472721newsML.xml", "label": 22}
{"path": "19970327/473948newsML.xml", "label": 51}
{"path": "19960924/73833newsML.xml", "label": 27}
{"path": "19960924/73882newsML.xml", "label": 11}
{"path": "19960924/73788newsML.xml", "label": 65}
{"path": "19961118/196538newsML.xml", "label": 30}
{"path": "19961118/196381newsML.xml", "label": 37}
{"path": "19961118/198057newsML.xml", "label": 58}
{"path": "19961129/225468newsML.xml", "label": 28}
{"path": "19961129/225019newsML.xml", "label": 30}
{"path": "19961129/226492newsML.xml", "label": 65}
{"path": "19970218/386622newsML.xml", "label": 40}
{"path": "19970218/385974newsML.xml", "label": 40}
{"path": "19970218/386663newsML.xml", "label": 11}
{"path": "19970218/385988newsML.xml", "label": 40}
{"path": "19970218/383751newsML.xml", "label": 30}
{"path": "19970614/661999newsML.xml", "label": 39}
{"path": "19970614/661996newsML.xml", "label": 39}
{"path": "19970414/507998newsML.xml", "label": 40}
{"path": "19970414/507466newsML.xml", "label": 37}
{"path": "19970414/506045newsML.xml", "label": 37}
{"path": "19970603/634742newsML.xml", "label": 58}
{"path": "19970603/635744newsML.xml", "label": 39}
{"path": "19970603/634722newsML.xml", "label": 12}
{"path": "19970519/596779newsML.xml", "label": 11}
{"path": "19961206/241499newsML.xml", "label": 27}
{"path": "19961206/241027newsML.xml", "label": 32}
{"path": "19961206/240031newsML.xml", "label": 30}
{"path": "19970710/720186newsML.xml", "label": 51}
{"path": "19970710/720812newsML.xml", "label": 39}
{"path": "19970130/346011newsML.xml", "label": 39}
{"path": "19970130/343559newsML.xml", "label": 28}
{"path": "19961015/118012newsML.xml", "label": 28}
{"path": "19961015/118682newsML.xml", "label": 28}
{"path": "19961015/117746newsML.xml", "label": 40}
{"path": "19961112/184698newsML.xml", "label": 37}
{"path": "19961112/183296newsML.xml", "label": 30}
{"path": "19970610/649204newsML.xml", "label": 28}
{"path": "19970610/651321newsML.xml", "label": 51}
{"path": "19970610/651304newsML.xml", "label": 39}
{"path": "19960820/3701newsML.xml", "label": 30}
{"path": "19960820/3702newsML.xml", "label": 30}
{"path": "19960820/2294newsML.xml", "label": 28}
{"path": "19960820/2602newsML.xml", "label": 51}
{"path": "19970513/580606newsML.xml", "label": 29}
{"path": "19970513/580622newsML.xml", "label": 29}
{"path": "19970513/580634newsML.xml", "label": 12}
{"path": "19970513/578756newsML.xml", "label": 28}
{"path": "19970108/295320newsML.xml", "label": 22}
{"path": "19970108/293017newsML.xml", "label": 26}
{"path": "19970108/294844newsML.xml", "label": 37}
{"path": "19960901/26669newsML.xml", "label": 27}
{"path": "19960901/26679newsML.xml", "label": 41}
{"path": "19970721/744066newsML.xml", "label": 41}
{"path": "19970721/744417newsML.xml", "label": 58}
{"path": "19970308/428780newsML.xml", "label": 58}
{"path": "19970324/462894newsML.xml", "label": 30}
{"path": "19960905/33785newsML.xml", "label": 32}
{"path": "19960905/33810newsML.xml", "label": 27}
{"path": "19960905/33814newsML.xml", "label": 11}
{"path": "19960905/33801newsML.xml", "label": 65}
{"path": "19960905/33809newsML.xml", "label": 65}
{"path": "19970805/778249newsML.xml", "label": 30}
{"path": "19970805/779388newsML.xml", "label": 37}
{"path": "19970805/780474newsML.xml", "label": 28}
{"path": "19960912/48287newsML.xml", "label": 27}
{"path": "19960912/50168newsML.xml", "label": 65}
{"path": "19960912/50180newsML.xml", "label": 27}
{"path": "19960912/48260newsML.xml", "label": 32}
{"path": "19960912/48183newsML.xml", "label": 27}
{"path": "19961120/202291newsML.xml", "label": 37}
{"path": "19961120/202144newsML.xml", "label": 37}
{"path": "19961120/203687newsML.xml", "label": 65}
{"path": "19961120/204521newsML.xml", "label": 11}
{"path": "19961120/203705newsML.xml", "label": 29}
{"path": "19961105/168454newsML.xml", "label": 27}
{"path": "19961105/167759newsML.xml", "label": 12}
{"path": "19961105/167754newsML.xml", "label": 65}
{"path": "19961105/167307newsML.xml", "label": 40}
{"path": "19970417/518482newsML.xml", "label": 37}
{"path": "19970417/518769newsML.xml", "label": 41}
{"path": "19961212/254157newsML.xml", "label": 11}
{"path": "19961212/254107newsML.xml", "label": 12}
{"path": "19961212/252869newsML.xml", "label": 39}
{"path": "19961212/254116newsML.xml", "label": 12}
{"path": "19961212/253535newsML.xml", "label": 27}
{"path": "19961227/278907newsML.xml", "label": 12}
{"path": "19961227/278517newsML.xml", "label": 40}
{"path": "19960830/23629newsML.xml", "label": 4}
{"path": "19960830/24635newsML.xml", "label": 4}
{"path": "19970818/807566newsML.xml", "label": 27}
{"path": "19960927/81964newsML.xml", "label": 26}
{"path": "19960927/82877newsML.xml", "label": 26}
{"path": "19960927/80517newsML.xml", "label": 39}
{"path": "19960927/80454newsML.xml", "label": 11}
{"path": "19960927/82161newsML.xml", "label": 26}
{"path": "19960906/36571newsML.xml", "label": 51}
{"path": "19960906/36572newsML.xml", "label": 32}
{"path": "19960906/38858newsML.xml", "label": 4}
{"path": "19960906/36609newsML.xml", "label": 32}
{"path": "19960906/36608newsML.xml", "label": 32}
{"path": "19970221/395307newsML.xml", "label": 12}
{"path": "19970407/491666newsML.xml", "label": 41}
{"path": "19970305/422028newsML.xml", "label": 11}
{"path": "19970305/422645newsML.xml", "label": 32}
{"path": "19961220/271138newsML.xml", "label": 4}
{"path": "19970428/545580newsML.xml", "label": 22}
{"path": "19970428/544883newsML.xml", "label": 40}
{"path": "19970428/545579newsML.xml", "label": 27}
{"path": "19970409/498640newsML.xml", "label": 27}
{"path": "19970409/498088newsML.xml", "label": 51}
{"path": "19970409/497482newsML.xml", "label": 40}
{"path": "19970409/497477newsML.xml", "label": 12}
{"path": "19970626/690745newsML.xml", "label": 40}
{"path": "19970626/690742newsML.xml", "label": 65}
{"path": "19970626/690943newsML.xml", "label": 65}
{"path": "19970626/691391newsML.xml", "label": 12}
{"path": "19961222/272112newsML.xml", "label": 4}
{"path": "19961101/161637newsML.xml", "label": 29}
{"path": "19961101/161636newsML.xml", "label": 29}
{"path": "19961108/177668newsML.xml", "label": 51}
{"path": "19960822/8511newsML.xml", "label": 22}
{"path": "19960822/7635newsML.xml", "label": 65}
{"path": "19960822/7643newsML.xml", "label": 12}
{"path": "19970307/428313newsML.xml", "label": 32}
{"path": "19970307/428312newsML.xml", "label": 32}
{"path": "19970307/428301newsML.xml", "label": 32}
{"path": "19970115/310658newsML.xml", "label": 32}
{"path": "19970306/425633newsML.xml", "label": 22}
{"path": "19960920/68500newsML.xml", "label": 51}
{"path": "19961008/103129newsML.xml", "label": 11}
{"path": "19970112/301950newsML.xml", "label": 12}
{"path": "19960904/31248newsML.xml", "label": 12}
{"path": "19960904/31278newsML.xml", "label": 22}
{"path": "19961030/154105newsML.xml", "label": 12}
{"path": "19970509/571389newsML.xml", "label": 4}
{"path": "19970224/398731newsML.xml", "label": 12}
{"path": "19970224/398622newsML.xml", "label": 4}
{"path": "19970224/399858newsML.xml", "label": 41}
{"path": "19970224/397823newsML.xml", "label": 4}
{"path": "19961218/265970newsML.xml", "label": 29}
{"path": "19970418/521836newsML.xml", "label": 51}
{"path": "19961209/244591newsML.xml", "label": 11}
{"path": "19961209/244003newsML.xml", "label": 29}
{"path": "19970812/794745newsML.xml", "label": 51}
{"path": "19970522/608096newsML.xml", "label": 51}
{"path": "19970410/501271newsML.xml", "label": 29}
{"path": "19970410/500494newsML.xml", "label": 11}
{"path": "19960918/60207newsML.xml", "label": 11}
{"path": "19961029/151643newsML.xml", "label": 41}
{"path": "19961029/151021newsML.xml", "label": 26}
{"path": "19961029/151330newsML.xml", "label": 26}
{"path": "19961114/188066newsML.xml", "label": 41}
{"path": "19970214/379831newsML.xml", "label": 12}
{"path": "19970214/378041newsML.xml", "label": 4}
{"path": "19970120/319781newsML.xml", "label": 41}
{"path": "19970128/339048newsML.xml", "label": 22}
{"path": "19970623/681408newsML.xml", "label": 41}
{"path": "19970630/697402newsML.xml", "label": 11}
{"path": "19970630/697434newsML.xml", "label": 11}
{"path": "19970127/336401newsML.xml", "label": 26}
{"path": "19970724/755212newsML.xml", "label": 4}
{"path": "19970602/631216newsML.xml", "label": 4}
{"path": "19970602/632006newsML.xml", "label": 29}
{"path": "19961023/138927newsML.xml", "label": 29}
{"path": "19970502/557197newsML.xml", "label": 29}
{"path": "19970819/810582newsML.xml", "label": 22}
{"path": "19970528/619434newsML.xml", "label": 4}
{"path": "19970528/622452newsML.xml", "label": 41}
{"path": "19970619/674376newsML.xml", "label": 41}
{"path": "19960917/59744newsML.xml", "label": 26}
{"path": "19960917/57799newsML.xml", "label": 22}
{"path": "19961017/125149newsML.xml", "label": 26}
{"path": "19961005/98334newsML.xml", "label": 41}
{"path": "19961016/121073newsML.xml", "label": 22}
{"path": "19970211/370926newsML.xml", "label": 4}
{"path": "19970211/371233newsML.xml", "label": 41}
{"path": "19970425/539084newsML.xml", "label": 4}
{"path": "19970117/315293newsML.xml", "label": 41}
{"path": "19970114/307121newsML.xml", "label": 29}
{"path": "19970114/307115newsML.xml", "label": 29}
{"path": "19960909/40133newsML.xml", "label": 41}
{"path": "19970813/797729newsML.xml", "label": 29}
{"path": "19970213/376901newsML.xml", "label": 29}
{"path": "19970715/730565newsML.xml", "label": 29}
{"path": "19970701/700656newsML.xml", "label": 26}
{"path": "19970723/750348newsML.xml", "label": 22}
{"path": "19970326/468189newsML.xml", "label": 26}
{"path": "19970326/470139newsML.xml", "label": 26}
{"path": "19970328/475008newsML.xml", "label": 26}
{"path": "19961107/174234newsML.xml", "label": 29}
{"path": "19970313/441156newsML.xml", "label": 29}
{"path": "19960821/5036newsML.xml", "label": 29}
